playlist_name;video_id;video_name;publication_date;views;likes;dislikes;favorites;comments;duration
–ë–µ–¥—ã —Å –ë–∞—à–∫–æ–π;th7qQcirjZw;–ö–∞–∫ –£–ü–†–ê–í–õ–Ø–¢–¨ –ñ–ò–ó–ù–¨–Æ –¥—Ä—É–≥–∏—Ö –ª—é–¥–µ–π?;2020-06-19T12:20:03Z;2668112;311344;3557;0;19486;1102
–ë–µ–¥—ã —Å –ë–∞—à–∫–æ–π;zj90116gN3E;–û—Ç –Ω–∞—Å –Ω–∏—á–µ–≥–æ –ù–ï –°–ö–†–û–ï–®–¨;2020-09-15T14:30:50Z;2420550;296234;2143;0;14757;1000
–ë–µ–¥—ã —Å –ë–∞—à–∫–æ–π;1iYBzkGLQDM;–û—à–∏–±–∫–∞ –¢–µ—Ö–∞—Å—Å–∫–æ–≥–æ –°—Ç—Ä–µ–ª–∫–∞ | –ö–∞–∫ —É–∑–Ω–∞—Ç—å –ø—Ä–∞–≤–¥—É?;2019-10-04T14:32:00Z;2234068;301870;1889;0;9685;695
–ë–µ–¥—ã —Å –ë–∞—à–∫–æ–π;4xkmQET2zbo;–§–µ–Ω–æ–º–µ–Ω –ë–∞–∞–¥–µ—Ä–∞-–ú–∞–π–Ω—Ö–æ—Ñ | –û–Ω–∏ –ø—Ä–µ—Å–ª–µ–¥—É—é—Ç –º–µ–Ω—è!;2019-08-14T14:29:27Z;2536875;246451;1984;0;37196;933
–ë–µ–¥—ã —Å –ë–∞—à–∫–æ–π;e2xLfzdaE9A;–ö–∞–∫ —Ä–∞–±–æ—Ç–∞–µ—Ç –ù–û–°–¢–ê–õ–¨–ì–ò–Ø?;2019-04-26T15:24:37Z;3014859;263422;2739;0;17780;1111
–ë–µ–¥—ã —Å –ë–∞—à–∫–æ–π;Q0cGB-2fXAo;–ö–∞–∫ —è –º–æ–≥—É —Ç–µ–±—è –û–ë–ú–ê–ù–£–¢–¨?;2018-12-20T20:41:29Z;3037072;248694;2214;0;12069;999
–ß—Ç–æ?;L8U35en7TXE;–¢–´ –ë–´ –ù–ò–ö–û–ì–î–ê –¢–ê–ö–û–ï –ù–ï –ó–ê–ì–£–ì–õ–ò–õ;2019-11-09T13:17:15Z;3530270;356074;3725;0;16618;815
–ß—Ç–æ?;dqYmPJGIW6E;–¢–´ –ë–´ –ù–ò–ö–û–ì–î–ê –¢–ê–ö–û–ï –ù–ï –ó–ê–ì–£–ì–õ–ò–õ #2;2019-12-30T13:59:44Z;4231418;449662;2937;0;20569;1240
–ß—Ç–æ?;KAv928riN-c;–¢–´ –ë–´ –ù–ò–ö–û–ì–î–ê –¢–ê–ö–û–ï –ù–ï –ó–ê–ì–£–ì–õ–ò–õ #3;2020-04-13T12:35:50Z;3852814;377220;4731;0;18184;940
–ß—Ç–æ?;F_G3mVidLqA;–¢–´ –ë–´ –ù–ò–ö–û–ì–î–ê –¢–ê–ö–û–ï –ù–ï –ó–ê–ì–£–ì–õ–ò–õ #4;2020-08-27T12:44:23Z;3656422;397494;4395;0;16973;1335
–ß—Ç–æ?;pad64v85qUw;–¢–´ –ë–´ –ù–ò–ö–û–ì–î–ê –¢–ê–ö–û–ï –ù–ï –ó–ê–ì–£–ì–õ–ò–õ #5;2020-10-31T14:13:59Z;3275078;358621;3625;0;21165;1369
–ß—Ç–æ?;k8FIVugHGSg;–¢–´ –ë–´ –ù–ò–ö–û–ì–î–ê –¢–ê–ö–û–ï –ù–ï –ó–ê–ì–£–ì–õ–ò–õ #6;2020-12-31T08:55:54Z;2711404;329092;2686;0;16207;1560
–ß—Ç–æ?;JDKqXmOX52Q;–¢–´ –ë–´ –ù–ò–ö–û–ì–î–ê –¢–ê–ö–û–ï –ù–ï –ó–ê–ì–£–ì–õ–ò–õ #7;2021-03-08T11:48:54Z;2182152;238439;2298;0;10745;1337
–ü–∞—Ä–∞–¥–æ–∫—Å –§–µ—Ä–º–∏;mPbItxStOQA;–ù–µ—É–∂–µ–ª–∏ –º—ã —Å–æ–≤—Å–µ–º –û–î–ù–ò?;2019-03-26T18:36:53Z;4522485;376898;3677;0;21882;1696
–ü–∞—Ä–∞–¥–æ–∫—Å –§–µ—Ä–º–∏;nRlrf2jQAOc;–ö–æ—Å–º–æ—Å, —Ç—ã –Ω–∞—Å —Å–ª—ã—à–∏—à—å?;2019-04-01T14:20:24Z;3315261;213316;2143;0;11219;1592
–ú–∏—Ñ—ã;NNhE6qS6i9I;–ú–∏—Ñ—ã, –≤ –∫–æ—Ç–æ—Ä—ã–µ –º—ã –í–ï–†–ò–ú #1;2018-01-23T10:55:53Z;5130471;326505;4677;0;15313;651
–ú–∏—Ñ—ã;ENtyeLY3vIU;–ú–∏—Ñ—ã, –≤ –∫–æ—Ç–æ—Ä—ã–µ –º—ã –≤–µ—Ä–∏–º #2;2018-06-05T20:26:36Z;4493100;280782;4454;0;13793;1052
–ú–∏—Ñ—ã;lP8x_rQ9s0Y;–ú–∏—Ñ—ã, –≤ –∫–æ—Ç–æ—Ä—ã–µ –º—ã –≤–µ—Ä–∏–º #3 | Feat. –ê—Ä—Ç—É—Ä –®–∞—Ä–∏—Ñ–æ–≤;2018-10-01T15:06:39Z;4647985;267676;5008;0;12422;1221
–ú–∏—Ñ—ã;8n_7T2v_wUE;–ú–∏—Ñ—ã #4 [–ù–µ –¥–∏–∫–∏–π –¥–∏–∫–∏–π –∑–∞–ø–∞–¥];2018-11-21T09:00:36Z;3523680;225420;2994;0;11992;1602
–ú–∏—Ñ—ã;iSjxHDmIACc;–ú–£–ó–´–ö–ê –° –¢–û–ì–û –°–í–ï–¢–ê/–ö–ª—É–± 27;2018-12-07T18:12:47Z;3030514;244685;3746;0;27183;887
–ú–∏—Ñ—ã;35MyEO6Q_J0;–ú–∏—Ñ—ã, –≤ –∫–æ—Ç–æ—Ä—ã–µ –º—ã –≤–µ—Ä–∏–º #5;2019-04-09T16:42:08Z;3647795;376493;3382;0;9503;785
–ú–∏—Ñ—ã;RfrxUIN-PC4;–ú–∏—Ñ—ã, –≤ –∫–æ—Ç–æ—Ä—ã–µ –º—ã –≤–µ—Ä–∏–º #6;2019-06-07T18:34:58Z;4689909;320753;12572;0;17892;1141
–ú–∏—Ñ—ã;PNhL4RAGdZU;–ú–∏—Ñ—ã, –≤ –∫–æ—Ç–æ—Ä—ã–µ –º—ã –≤–µ—Ä–∏–º #7;2019-09-24T11:26:19Z;4062417;326728;2744;0;9989;924
–ú–∏—Ñ—ã;yCzv3l143DM;–ú–∏—Ñ—ã, –≤ –∫–æ—Ç–æ—Ä—ã–µ –º—ã –≤–µ—Ä–∏–º #8;2019-12-23T13:11:27Z;4225206;329575;4798;0;15168;1310
–ú–∏—Ñ—ã;kfugSz3m_zA;–ú–∏—Ñ—ã, –≤ –∫–æ—Ç–æ—Ä—ã–µ –º—ã –≤–µ—Ä–∏–º #9 [–í—ã–∂–∏–≤–∞–Ω–∏–µ];2020-07-20T11:49:59Z;3687012;413459;4801;0;20372;1460
–ú–∏—Ñ—ã;8Ked5y3eDHk;–ú–∏—Ñ—ã, –≤ –∫–æ—Ç–æ—Ä—ã–µ –º—ã –≤–µ—Ä–∏–º #10 [–î–∏–∫–∞—è –ø—Ä–∏—Ä–æ–¥–∞];2020-07-27T11:36:24Z;3762816;360250;5791;0;23362;1583
–ú–∏—Ñ—ã;tQBsAxY5ZuY;–ú–∏—Ñ—ã, –≤ –∫–æ—Ç–æ—Ä—ã–µ –º—ã –≤–µ—Ä–∏–º #11 [–°—ã–≤–æ—Ä–æ—Ç–∫–∞ –ø—Ä–∞–≤–¥—ã];2020-10-20T12:50:49Z;2737052;304441;2621;0;13666;977
–° –Ω–∞—É—á–Ω–æ–π —Ç–æ—á–∫–∏ –∑—Ä–µ–Ω–∏—è;z4-AAfwNS8I;–ß–µ–ª–æ–≤–µ–∫-–ø–∞—É–∫ —Å –Ω–∞—É—á–Ω–æ–π —Ç–æ—á–∫–∏ –∑—Ä–µ–Ω–∏—è!;2017-07-09T15:15:53Z;2764555;217432;3353;0;4145;443
–° –Ω–∞—É—á–Ω–æ–π —Ç–æ—á–∫–∏ –∑—Ä–µ–Ω–∏—è;DNwTXSrQ6AQ;–ê –¢–´ –î–û–°–¢–û–ò–ù? –¢–æ—Ä —Å –ù–ê–£–ß–ù–û–ô —Ç–æ—á–∫–∏ –∑—Ä–µ–Ω–∏—è;2017-11-14T14:38:51Z;2616850;170613;2044;0;8757;661
–° –Ω–∞—É—á–Ω–æ–π —Ç–æ—á–∫–∏ –∑—Ä–µ–Ω–∏—è;n8TqLzsbLcs;–°–£–ü–ï–†–ì–ï–†–û–ô–°–ö–ê–Ø –ú–ï–¢–ö–û–°–¢–¨ —Å –Ω–∞—É—á–Ω–æ–π —Ç–æ—á–∫–∏ –∑—Ä–µ–Ω–∏—è!;2018-05-03T15:39:25Z;3120723;198209;2796;0;14586;1043
–° –Ω–∞—É—á–Ω–æ–π —Ç–æ—á–∫–∏ –∑—Ä–µ–Ω–∏—è;qo19B7pbvvM;–ß—Ç–æ –±—É–¥–µ—Ç, –µ—Å–ª–∏ –°–ï–ë–Ø –ó–ê–ú–û–†–û–ó–ò–¢–¨?;2019-06-12T13:12:57Z;2708150;208325;2427;0;8693;881
–° –Ω–∞—É—á–Ω–æ–π —Ç–æ—á–∫–∏ –∑—Ä–µ–Ω–∏—è;uwe29oiCTvk;–ú–û–ó–ì –ù–ê –§–õ–ï–®–ö–ï/–¶–ò–§–†–û–í–û–ï –ë–ï–°–°–ú–ï–†–¢–ò–ï;2020-02-24T16:38:25Z;3301747;351343;3723;0;26307;1691
–° –Ω–∞—É—á–Ω–æ–π —Ç–æ—á–∫–∏ –∑—Ä–µ–Ω–∏—è;j4OTw3WMQ70;–£–ñ–ê–°–´ –í–ù–£–¢–†–ò –ù–ê–°;2020-11-19T14:41:04Z;2574561;295974;3645;0;23137;1425
–õ–∞–π–∫–§–∞–∫—Ç;0tjyLcJTfag;–ú–µ–Ω–¥–µ–ª–µ–µ–≤ –∏ –µ–≥–æ —Ö–∏–º–∏—á–µ—Å–∫–∏–π –°–û–ù;2017-03-19T08:30:00Z;1317222;112257;511;0;1294;93
–õ–∞–π–∫–§–∞–∫—Ç;3mg7cWBkusU;–ü–æ–ø—Ä–æ–±—É–π –∑–∞–ø—Ä–µ—Ç–∏—Ç—å –º–Ω–µ –•–†–£–°–¢–ï–¢–¨ –ü–ê–õ–¨–¶–ê–ú–ò!;2017-03-29T05:31:35Z;2193945;177428;1076;0;4381;119
–õ–∞–π–∫–§–∞–∫—Ç;uxSxRG3z7CU;–û–†–£–ñ–ò–ï –≤ –æ—Ç–∫—Ä—ã—Ç–æ–º –∫–æ—Å–º–æ—Å–µ! –ó–ê–ß–ï–ú?;2017-04-12T09:26:14Z;1482583;91693;879;0;1692;247
–õ–∞–π–∫–§–∞–∫—Ç;MDluBJjfVvQ;–ö–∞–∫–æ–≥–æ —Ü–≤–µ—Ç–∞ –í–û–î–ê ?;2017-04-27T10:31:18Z;1860840;161776;912;0;2351;128
–õ–∞–π–∫–§–∞–∫—Ç;va0nsd0EBjY;–ö–∞–∫ –û–ì–†–ê–ë–ò–¢–¨ –±–∞–Ω–∫ –∏ –æ—Å—Ç–∞—Ç—å—Å—è –±–µ–∑–Ω–∞–∫–∞–∑–∞–Ω–Ω—ã–º?;2017-04-28T14:47:00Z;1770541;121717;4836;0;3118;269
–õ–∞–π–∫–§–∞–∫—Ç;rfWi4K4haPs;–ó–∞—Ä–∞–∑–∏—Ç–µ–ª—å–Ω–æ–µ –ó–ï–í–ê–ù–ò–ï;2017-05-03T19:57:48Z;1210867;104142;432;0;5513;323
–õ–∞–π–∫–§–∞–∫—Ç;7JhExNSbY5o;–õ—é–±–æ–≤—å —Å –ù–ê–£–ß–ù–û–ô —Ç–æ—á–∫–∏ –∑—Ä–µ–Ω–∏—è?;2017-05-04T13:17:24Z;1624548;109815;1243;0;3415;318
–õ–∞–π–∫–§–∞–∫—Ç;yxNRrJ2vUzw;–ü–æ—á–µ–º—É –Ω–∞–º —Å–Ω—è—Ç—Å—è –ö–û–®–ú–ê–†–´?;2017-05-15T19:35:38Z;2417102;158592;1210;0;15977;307
–õ–∞–π–∫–§–∞–∫—Ç;wmvhsD5dni8;–†–∞–Ω—å—à–µ –±—ã–ª–æ –ª—É—á—à–µ!;2017-05-17T10:01:26Z;1495086;93992;1167;0;2993;432
–õ–∞–π–∫–§–∞–∫—Ç;gTa2zH7Y0pw;–ö–†–û–í–ê–í–´–ô –ü–û–õ–ò–¶–ï–ô–°–ö–ò–ô!;2017-07-24T13:19:54Z;1580517;108996;1158;0;1833;337
–õ–∞–π–∫–§–∞–∫—Ç;emHvE7tbMNg;–°–ú–ï–†–¢–ï–õ–¨–ù–´–ô –ü–ï–†–ï–í–û–î!;2017-07-31T09:32:07Z;2127013;141145;1183;0;3494;380
–õ–∞–π–∫–§–∞–∫—Ç;wXdhKhOWAv4;–ü–æ—á–µ–º—É –Ω–∞—Å –£–ö–ê–ß–ò–í–ê–ï–¢?;2017-09-27T11:26:25Z;1740482;132017;886;0;5408;466
–õ–∞–π–∫–§–∞–∫—Ç;i2Ekww1Vxu8;–¢–ï–õ–ï–§–û–ù–´ –ù–ê–° –£–ë–ò–í–ê–Æ–¢?!;2017-11-23T13:33:03Z;3367488;239037;1803;0;10193;579
–õ–∞–π–∫–§–∞–∫—Ç;JLwm2sUS-Dg;–ù–û–í–´–ô –ì–û–î –≤ –Ω–∞—à–µ–π –ì–û–õ–û–í–ï!;2017-12-30T13:47:09Z;1061648;113809;852;0;5556;518
–õ–∞–π–∫–§–∞–∫—Ç;bY5qN3cubeg;–ß–ï–õ–û–í–ï–ö –∏–ª–∏ –ú–ê–®–ò–ù–ê? –ö—Ç–æ —É–º–Ω–µ–µ?;2018-03-29T13:02:32Z;2850731;191595;1555;0;15434;946
–õ–∞–π–∫–§–∞–∫—Ç;W_cn-oRZMco;–í–æ—Ç –±—ã –Ω–µ –¥–æ–ø—É—Å—Ç–∏—Ç—å –æ—à–∏–±–∫—É!;2018-08-03T16:43:28Z;2778228;209563;2474;0;10501;650
–õ–∞–π–∫–§–∞–∫—Ç;7plOaALOIYw;–ö–∞–∫ —Å–æ–∑–¥–∞—Ç—å –ü–°–ò–•–û–ü–ê–¢–ê?;2018-10-31T19:56:10Z;2601845;227404;1888;0;15179;683
–Ø–°–ù!;Pb-Esfq9gUY;–ö–û–ö–ê-–ö–û–õ–ê –ù–ï –û–ü–ê–°–ù–ê?!;2016-09-11T09:38:25Z;4291679;308796;4095;0;13141;415
–Ø–°–ù!;z2OL08wz8mA;–ó–ê–ß–ï–ú –Å–õ–ö–ê –ù–ê –ü–û–¢–û–õ–ö–ï?;2016-12-31T13:01:55Z;383133;38860;146;0;841;519
–Ø–°–ù!;TmwnQToweNw;–ö—Ç–æ —É –Ω–∞—Å –≤—Ä—ë—Ç? –ü—Ä–∞–≤–¥–∞ –æ –î–ï–¢–ï–ö–¢–û–†–ï –õ–ñ–ò;2017-02-21T09:00:01Z;2801447;171523;936;0;3042;503
–Ø–°–ù!;iyAtWqy9S7o;–ú–æ–∂–Ω–æ –ª–∏ –ó–ê–°–¢–ê–í–ò–¢–¨ –ª—é–¥–µ–π –ø–æ–¥—á–∏–Ω—è—Ç—å—Å—è –≤–∞–º ?!;2017-03-23T19:50:52Z;2637341;253915;1693;0;7424;557
–Ø–°–ù!;CW0g4vY5Vec;–ü–æ—á–µ–º—É –º—ã –ù–ò–ß–ï–ì–û –Ω–µ –ø–æ–º–Ω–∏–º?;2017-06-13T19:31:02Z;2659456;170764;1273;0;16847;497
–Ø–°–ù!;P9BaUITjc-o;–ü—Ä–∏–≤–∏–≤–∫–∞ –æ—Ç –≥–ª—É–ø–æ—Å—Ç–∏. –ù–∞—Å —É–±–∏–≤–∞—é—Ç?;2017-06-24T20:13:13Z;2887900;165896;2745;0;16359;1226
–Ø–°–ù!;IqEoZiX_G3c;–ü—Ä–∞–≤–¥–∞ –ø—Ä–æ –û–¢–ü–ï–ß–ê–¢–ö–ò –ü–ê–õ–¨–¶–ï–í;2017-07-19T12:37:52Z;2635362;180202;1448;0;3558;727
–Ø–°–ù!;MU186faO-3w;–•–æ–¥–∏—Ç—å –Ω–æ—á—å—é –ó–ê–ö–û–ù–û–ú –ù–ï –ó–ê–ü–†–ï–©–ï–ù–û!;2017-09-22T15:24:55Z;2575430;167917;914;0;6718;594
–Ø–°–ù!;rFhrdwQ9-zQ;–ö–í–ê–ù–¢–û–í–û–ï –ë–ï–°–°–ú–ï–†–¢–ò–ï –∏ –Ω–µ —Ç–æ–ª—å–∫–æ;2018-04-08T16:01:26Z;5953156;426615;6590;0;30367;961
–Ø–°–ù!;NbVuM2GH7fY;–í–ò–ß/–°–ü–ò–î = –ó–ê–ì–û–í–û–†?;2018-07-27T20:20:33Z;4519125;351740;4010;0;28543;2176
Films;Rk5lyRk3EPs;Split second - Short horror film;2016-08-04T17:56:06Z;79130;4505;209;0;204;288
–¢–æ–ø —Å–æ–≤–µ—Ç—ã;eJF81Ql-9q0;10 –°–û–í–ï–¢–û–í –ö–ê–ö –°–¢–ê–¢–¨ –ü–û–ü–£–õ–Ø–†–ù–´–ú –ù–ê YOUTUBE;2016-02-03T15:13:35Z;170530;17585;101;0;285;140
–¢–æ–ø —Å–æ–≤–µ—Ç—ã;ApkNaDvJDbc;–ï–©–ï 10 –°–û–í–ï–¢–û–í –ö–ê–ö –°–¢–ê–¢–¨ –ü–û–ü–£–õ–Ø–†–ù–´–ú –ù–ê YOUTUBE;2016-02-10T04:46:23Z;110953;12822;44;0;196;101
–ñ–∏–∑–∞–ü–µ—Ä–µ–∂–∏–∑–∞;JXDXu8BL2lM;–ñ–∏–∑–∞–ü–µ—Ä–µ–∂–∏–∑–∞ [–ñ–ü] - –°–í–ï–¢;2015-09-23T21:42:17Z;88350;8531;30;0;78;59
–ñ–∏–∑–∞–ü–µ—Ä–µ–∂–∏–∑–∞;sfKf1jaR2d0;–ñ–∏–∑–∞–ü–µ—Ä–µ–∂–∏–∑–∞ [–ñ–ü] - –¢–ï–õ–ï–§–û–ù;2015-09-23T21:47:17Z;61894;5083;30;0;48;23
–ñ–∏–∑–∞–ü–µ—Ä–µ–∂–∏–∑–∞;bwLbZU9BZH0;MAN ACTS LIKE A CAT;2015-11-20T09:12:23Z;74623;10404;50;0;351;120
–ñ–∏–∑–∞–ü–µ—Ä–µ–∂–∏–∑–∞;cxfY6hFeM6g;–ü—Ä–æ–≥—É–ª–∫–∞;2016-01-13T18:56:05Z;47830;3885;58;0;61;24
–ñ–∏–∑–∞–ü–µ—Ä–µ–∂–∏–∑–∞;QYGPKQua7Dw;–ì–∏—Ç–∞—Ä–∏—Å—Ç;2016-01-14T19:03:01Z;69552;5897;42;0;84;53
–í—Å–µ –ø–æ–¥—Ä—è–¥;lKG7O4814wA;STUFF YOUR MOUTH CHALLENGE PART 1;2015-07-16T21:46:16Z;56935;3825;167;0;156;530
–í—Å–µ –ø–æ–¥—Ä—è–¥;_74UlnnC8Z0;–ü–û–°–õ–ï–î–ù–ï–ï –í–ò–î–ï–û;2015-12-31T01:29:29Z;92794;8193;62;0;508;469
–í—Å–µ –ø–æ–¥—Ä—è–¥;tMkIZLScCPo;–û–¢–í–ï–¢–´ –ù–ê –í–û–ü–†–û–°–´;2016-02-18T19:03:04Z;434077;32288;200;0;1175;1283
–í—Å–µ –ø–æ–¥—Ä—è–¥;q1GaISFZMWM;6 –õ–£–ß–®–ò–• –õ–ê–ô–§–•–ê–ö–û–í –í –ú–ò–†–ï;2016-03-19T21:01:40Z;1229252;113983;1827;0;2764;149
–í—Å–µ –ø–æ–¥—Ä—è–¥;BOAm0_I_YCE;Topatella - stream;2016-08-21T09:32:34Z;85501;7550;28;0;219;191
–í—Å–µ –ø–æ–¥—Ä—è–¥;jD0bwgodPiI;COMICCON EPIC SLOW MOTION COSPLAY;2016-10-04T18:00:02Z;42987;2840;33;0;103;445
–í—Å–µ –ø–æ–¥—Ä—è–¥;N2AoXv8DiNA;–¢–û–ü –°–¢–†–ê–®–ù–´–• –§–ò–õ–¨–ú–û–í –î–õ–Ø –•–ï–õ–õ–û–£–ò–ù–ê;2016-10-29T13:30:00Z;372708;29007;175;0;1728;919
–í—Å–µ –ø–æ–¥—Ä—è–¥;FOHA9rhTUak;–°–º–æ–∂–µ–º –ª–∏ –º—ã —Å–ø–∞—Å—Ç–∏ –ó–µ–º–ª—é?;2017-02-27T09:00:01Z;620437;53524;377;0;1728;244
–í—Å–µ –ø–æ–¥—Ä—è–¥;_nTeovluYJw;100 –¢–´–© !!!!!!!!;2017-03-27T16:51:32Z;277878;37889;169;0;2985;205
–í—Å–µ –ø–æ–¥—Ä—è–¥;t76LPeYj7cc;HALLOWEEN –ë–ï–ó –ß–£–î–û–í–ò–©;2017-10-31T18:58:52Z;1517227;134903;691;0;5178;553
TOPlay;1HrBXER2vqY;MONSTRUM SCARY GAMEPLAY (–ú–û–ù–°–¢–†–£–ú –õ–µ—Ç—Å–ø–ª–µ–π);2015-06-16T23:05:39Z;87765;8155;97;0;518;654
—Ç–æ–ø–∞–í–õ–û–ì–∏—è;MMNR7N7wC4U;–ú–°–¢–ò–¢–ï–õ–ò –≠–†–ê –ê–õ–¨–¢–†–û–ù–ê –ü–†–ï–ú–¨–ï–†–ê;2015-04-29T13:28:15Z;88222;5173;72;0;123;273
—Ç–æ–ø–∞–í–õ–û–ì–∏—è;uJg_6oCp6PE;—Ç–æ–ø–∞–í–õ–û–ì–∏—è - –ò—Ç–æ–≥–∏ –Ω–µ–¥–µ–ª–∏;2015-05-29T20:23:46Z;44132;4569;48;0;197;512
—Ç–æ–ø–∞–í–õ–û–ì–∏—è;IGKr7FTFcig;–¢–æ–ø–∞–í–õ–û–ì–∏—è - –í—Å—ë –ø–æ–¥—Ä—è–¥;2015-07-03T00:47:47Z;51394;4539;36;0;311;713
—Ç–æ–ø–∞–í–õ–û–ì–∏—è;pSALr6eQHDQ;FRUIT VIBRATIONS EDM;2015-07-15T02:23:34Z;24911;2033;29;0;84;525
—Ç–æ–ø–∞–í–õ–û–ì–∏—è;NapXwuwCrdQ;ALFA FUTURE PEOPLE 2015;2015-07-27T23:50:41Z;20931;1826;24;0;83;668
—Ç–æ–ø–∞–í–õ–û–ì–∏—è;Tzv5h0YfiSQ;–°–¢–ê–†–ö–û–ù 2015;2015-08-09T00:47:44Z;29948;2467;27;0;115;807
—Ç–æ–ø–∞–í–õ–û–ì–∏—è;JnpydbWrUxw;–ü–õ–ê–ö–ê–¢! –ò–¢–û–ì–ò!;2015-08-27T11:44:35Z;73572;4730;56;0;256;1153
—Ç–æ–ø–∞–í–õ–û–ì–∏—è;QvkR6RhPNV0;–ö–ò–ë–ï–†–§–ï–°–¢ 2015;2015-09-04T21:46:27Z;24108;1624;15;0;43;669
—Ç–æ–ø–∞–í–õ–û–ì–∏—è;-nQBm98ZPXM;–ò–ì–†–û–ú–ò–†/COMICCON 2015 - –ö–û–°–ü–õ–ï–ô, –ó–õ–û–°–¢–¨;2015-10-10T00:01:00Z;28856;1996;22;0;80;517
—Ç–æ–ø–∞–í–õ–û–ì–∏—è;3e9egRHb774;–°—ä–µ–º–∫–∞ –≤ –∫–ª–∏–ø–µ\–∫–∞–ø–ª–∏ –≤ –Ω–æ—Å\–±–æ–º–±–∏—Ç;2015-11-08T20:20:01Z;208050;15921;101;0;552;628
—Ç–æ–ø–∞–í–õ–û–ì–∏—è;kWaYl83-w8U;ALIEXPRESS –ê–ù–ê–õ–ò–¢–ò–ö–ê\–¢–£–ü–´–ï –¢–û–í–ê–†–´;2015-11-11T03:00:19Z;1022748;55454;1501;0;1010;732
—Ç–æ–ø–∞–í–õ–û–ì–∏—è;YVnQ4hWbsMQ;–í–ï–ß–ù–û –ú–û–õ–û–î–û–ô;2015-11-27T20:09:18Z;224082;16830;100;0;350;315
—Ç–æ–ø–∞–í–õ–û–ì–∏—è;-YbmkydVGZc;–ê–Ω–æ–Ω—Å–∏–∫;2015-12-03T00:16:57Z;14066;1184;16;0;164;49
—Ç–æ–ø–∞–í–õ–û–ì–∏—è;K_t2a7Bqoh0;25 –†–æ–∫i–≤\–ø–æ–¥–∞—Ä–∫–∏;2015-12-14T00:10:40Z;100943;9747;48;0;307;446
—Ç–æ–ø–∞–í–õ–û–ì–∏—è;PitRFzA8RT8;–û–ù–ò –ù–ê–®–õ–ò –ú–ï–ù–Ø;2015-12-16T19:18:17Z;46113;4193;33;0;48;114
—Ç–æ–ø–∞–í–õ–û–ì–∏—è;up6oXwa2Xe8;AVA EXPO 2015;2015-12-19T19:53:47Z;15508;1284;17;0;31;727
—Ç–æ–ø–∞–í–õ–û–ì–∏—è;LLzID_DP5K0;–ù–ì, –í–ò–î–ï–û–ö–ê–†–¢–ê, –í–°–Å –ü–õ–û–•–û;2016-01-15T12:34:40Z;40330;3261;29;0;112;721
—Ç–æ–ø–∞–í–õ–û–ì–∏—è;ue7VX6twGkI;–ù–µ–º–Ω–æ–≥–æ –≥—Ä—É—Å—Ç–Ω—ã–π –≤–ª–æ–≥;2016-02-08T02:07:10Z;108852;11946;83;0;887;590
—Ç–æ–ø–∞–í–õ–û–ì–∏—è;0wGwPzsharU;#–¢–û–ü–ê–ù–ï–ë–†–û–°–ê–ô–ö–ê–ù–ê–õ;2016-02-18T07:19:47Z;70581;7098;32;0;246;369
—Ç–æ–ø–∞–í–õ–û–ì–∏—è;H3MlADFb26I;–ü–†–ï–î–ü–û–ö–ê–ó –ë–≠–¢–ú–ï–ù –ü–†–û–¢–ò–í –°–£–ü–ï–†–ú–ï–ù–ê;2016-03-27T10:18:44Z;30988;2712;61;0;112;478
—Ç–æ–ø–∞–í–õ–û–ì–∏—è;u5XdoEhkjyw;–ú–ï–ù–Ø –û–ë–ú–ê–ù–£–õ–ò!;2016-04-06T12:31:30Z;1840459;185071;1042;0;8987;608
—Ç–æ–ø–∞–í–õ–û–ì–∏—è;KG0pIekw7pU;–ú–ù–û–ì–û –í–°–ï–ì–û –í–õ–û–ì;2016-04-08T08:38:45Z;29634;2757;17;0;100;635
—Ç–æ–ø–∞–í–õ–û–ì–∏—è;3i_o22ONKbQ;–ë–ò–ì–§–ï–°–¢/–ë–û–õ–¨–®–û–ô –§–ï–°–¢–ò–í–ê–õ–¨/–ö–û–°–ü–õ–ï–ô;2016-04-25T18:13:22Z;56384;3431;47;0;97;812
—Ç–æ–ø–∞–í–õ–û–ì–∏—è;K_GU-V87oNk;WARNER BROS. + –ö–û–ù–ö–£–†–°!!!!;2016-04-29T17:34:28Z;38032;2888;40;0;92;556
—Ç–æ–ø–∞–í–õ–û–ì–∏—è;2WEbNYPi8B4;–°–¢–†–ï–õ–¨–ë–ê –í –†–Ø–ó–ê–ù–ò –í–õ–û–ì;2016-05-18T17:37:43Z;36424;3312;28;0;151;607
—Ç–æ–ø–∞–í–õ–û–ì–∏—è;PXYCQiHDiBw;–ö—É–¥–∞ —è –ø—Ä–æ–ø–∞–ª?;2016-07-05T15:07:29Z;54381;4970;33;0;131;210
—Ç–æ–ø–∞–í–õ–û–ì–∏—è;BCCXDByYL_0;–°–¢–ê–†–ö–û–ù 2016 \ COSPLAY \ VLOG 4k!;2016-07-14T23:38:47Z;28653;1859;20;0;52;593
—Ç–æ–ø–∞–í–õ–û–ì–∏—è;gcry6z7diGg;–Ø –ø–µ—Ä—Å–æ–Ω–∞–∂ –∏–≥—Ä—ã? —è –ó–û–ú–ë–ò?;2016-07-29T20:25:33Z;69733;5352;50;0;111;372
—Ç–æ–ø–∞–í–õ–û–ì–∏—è;Fbk4iFaMPQ4;–ü–æ–¥–≥–æ—Ç–æ–≤–∫–∞ –∫ –ò–≥—Ä–æ–º–∏—Ä—É, –†—É–¥–∏, –ë–æ–º–±—ë–∂–∫–∞;2016-10-06T07:00:01Z;25427;2132;11;0;91;507
—Ç–æ–ø–∞–í–õ–û–ì–∏—è;uK8WHI66JAA;–°–ï–ö–°–ò –ì–ò–ö –í–õ–û–ì! + –ö–æ–Ω–∫—É—Ä—Å;2016-11-08T14:35:10Z;26467;1579;16;0;31;339
—Ç–æ–ø–∞–í–õ–û–ì–∏—è;6QrHo0PJBhY;–î–†! + –§–∞–Ω –≤—Å—Ç—Ä–µ—á–∞ 4 –¥–µ–∫–∞–±—Ä—è;2016-11-29T10:45:40Z;33882;3089;24;0;120;304
—Ç–æ–ø–∞–í–õ–û–ì–∏—è;Z2zmVTzB4X4;–ò—Ç–æ–≥–∏ –Ω–æ–≤–æ–≥–æ –≥–æ–¥–∞, —Å—Ö–æ–¥–∫–∏ –∏ –ª–µ–∫—Ü–∏–∏. –ù–æ–≤–∞—è –∫–∞–º–µ—Ä–∞ –º–µ–Ω—è –ø–æ–¥–≤–µ–ª–∞!;2017-01-18T07:00:01Z;49288;4014;24;0;136;652
—Ç–æ–ø–∞–í–õ–û–ì–∏—è;7zqxnU0B-Lc;–ß—Ç–æ –≤–æ–æ–±—â–µ –ø—Ä–æ–∏—Å—Ö–æ–¥–∏—Ç?!;2017-03-27T19:18:36Z;305918;40648;207;0;3260;469
—Ç–æ–ø–∞–í–õ–û–ì–∏—è;Uuae-_3RM-M;–í–õ–û–ì –≠–∫—Å—Ç—Ä–∞—Å–µ–Ω—Å—ã –º–µ–Ω—è –ù–ï –£–ë–ï–î–ò–õ–ò! –ü—Ä–µ–º–∏—è –ì–∞—Ä—Ä–∏ –ì—É–¥–∏–Ω–∏;2017-05-31T20:31:51Z;1317488;86045;925;0;2008;615
—Ç–æ–ø–∞–í–õ–û–ì–∏—è;x7PR7ZF9X_o;–ó–∞–±–æ–ª–µ–ª, –ø–æ—ç—Ç–æ–º—É –ø–æ–≥–æ–≤–æ—Ä–∏–º –ø—Ä–æ –°–¢–ê–†–ö–û–ù [–í–ª–æ–≥];2017-08-25T20:36:30Z;399506;45793;351;0;4877;873
—Ç–æ–ø–∞–í–õ–û–ì–∏—è;JdT4TOYH2rc;–ü—Ä–µ–¥–Ω–æ–≤–æ–≥–æ–¥–Ω–∏–µ —Ä–∞–∑–≥–æ–≤–æ—Ä—ã+–∫–æ—Å–ø–ª–µ–π –≤–∏–¥–µ–æ;2017-12-25T18:33:07Z;442475;55133;304;0;3760;1475
—Ç–æ–ø–∞–í–õ–û–ì–∏—è;W7sLgx8lRN0;–ú–æ—ë –æ–±–æ—Ä—É–¥–æ–≤–∞–Ω–∏–µ. –ö–∞–∫ —Å—ç–∫–æ–Ω–æ–º–∏—Ç—å –Ω–∞ —Ç–µ—Ö–Ω–∏–∫–µ?;2018-02-26T09:43:22Z;766620;64388;885;0;3989;1445
—Ç–æ–ø–∞–í–õ–û–ì–∏—è;MVdHddyo3dg;üéôÔ∏è–ü–æ—Å–ª–µ–¥–Ω–∏–µ –Ω–æ–≤–æ—Å—Ç–∏ + –≤–∏–¥–µ–æ —Å–æ –°—Ç–∞—Ä–∫–æ–Ω–∞ üöÄ;2018-06-15T17:11:59Z;673996;68576;4474;0;6218;1315
—Ç–æ–ø–∞–í–õ–û–ì–∏—è;cuXNE0en6Zo;–ì–û–î–ù–´–ï –ö–ê–ù–ê–õ–´ –°–£–©–ï–°–¢–í–£–Æ–¢!;2018-08-08T13:40:16Z;1375224;116245;1724;0;10040;1784
—Ç–æ–ø–∞–í–õ–û–ì–∏—è;NpxGdypijro;üéôÔ∏è –ê—Ñ–∏–Ω—ã, –ò–≥—Ä–æ–º–∏—Ä, Ubisoft, –ü–µ—Ä–µ–µ–∑–¥ üéôÔ∏è;2018-11-14T17:35:32Z;552214;49484;557;0;5780;1917
–í –≥–æ–ª–æ–≤–µ –±—ã–ª–æ —Å–º–µ—à–Ω–µ–µ;kz0sFLHgKC4;–í –≥–æ–ª–æ–≤–µ –±—ã–ª–æ —Å–º–µ—à–Ω–µ–µ - –§–∏–ª—å–º;2015-04-27T23:08:32Z;148687;9709;92;0;101;28
–í –≥–æ–ª–æ–≤–µ –±—ã–ª–æ —Å–º–µ—à–Ω–µ–µ;T5fCFOtvCy8;–í –≥–æ–ª–æ–≤–µ –±—ã–ª–æ —Å–º–µ—à–Ω–µ–µ - –ó–∞–ø–∞—Ö;2015-04-27T23:08:36Z;120020;8985;92;0;119;26
–í –≥–æ–ª–æ–≤–µ –±—ã–ª–æ —Å–º–µ—à–Ω–µ–µ;60Viht8_2rs;–í –≥–æ–ª–æ–≤–µ –±—ã–ª–æ —Å–º–µ—à–Ω–µ–µ - –û—Ç–∫–ª—é—á–∏–ª–∏ –≤–æ–¥—É;2015-06-03T14:53:04Z;123597;9547;69;0;118;49
–í –≥–æ–ª–æ–≤–µ –±—ã–ª–æ —Å–º–µ—à–Ω–µ–µ;3in_2Oo5SBg;–í –≥–æ–ª–æ–≤–µ –±—ã–ª–æ —Å–º–µ—à–Ω–µ–µ - –î–∞–ª–∏ –≥–æ—Ä—è—á—É—é –≤–æ–¥—É;2015-06-03T14:55:17Z;92849;8392;47;0;104;32
–í –≥–æ–ª–æ–≤–µ –±—ã–ª–æ —Å–º–µ—à–Ω–µ–µ;7XDFEPd-WuQ;–ü–µ—Ä–≤–æ–µ –∞–ø—Ä–µ–ª—è;2016-04-01T04:03:07Z;74484;6231;43;0;86;43
–¢–æ–ø –°–∏–∫—Ä–µ—Ç;--V9Azh4MKs;–ù–µ –∏–≥—Ä–∞–π—Ç–µ —Å –ö–£–ö–õ–ê–ú–ò [–¢–æ–ø –°–∏–∫—Ä–µ—Ç];2017-08-13T17:58:39Z;10627833;411186;6713;0;33876;817
–¢–æ–ø –°–∏–∫—Ä–µ—Ç;MZY4O_ud0vg;–í–°–ï –¢–ê–ô–ù–´ –ë–ï–†–ú–£–î–°–ö–û–ì–û –¢–†–ï–£–ì–û–õ–¨–ù–ò–ö–ê [–¢–æ–ø –°–∏–∫—Ä–µ—Ç];2017-10-18T17:05:55Z;9242113;482510;5143;0;20460;1702
–¢–æ–ø –°–∏–∫—Ä–µ—Ç;aCXO0xgM9ag;–ú–ï–ì–ê–õ–û–î–û–ù –ñ–ò–í! –ù–∞–≤–µ—Ä–Ω–æ–µ...[–¢–æ–ø –°–∏–∫—Ä–µ—Ç];2018-09-08T07:19:22Z;6932173;418813;4811;0;22385;1658
–¢–æ–ø –°–∏–∫—Ä–µ—Ç;uIdMFdcTmyo;–ü–ï–†–ï–í–ê–õ –î–Ø–¢–õ–û–í–ê [–¢–æ–ø –°–∏–∫—Ä–µ—Ç];2016-01-29T18:10:14Z;6797013;340195;7496;0;11439;934
–¢–æ–ø –°–∏–∫—Ä–µ—Ç;giuHoRkiGIs;–ß–¢–û –ü–†–ï–î–°–ö–ê–ó–´–í–ê–õ –ù–û–°–¢–†–ê–î–ê–ú–£–°? [–¢–æ–ø –°–∏–∫—Ä–µ—Ç];2018-10-29T20:26:41Z;6489925;356003;4799;0;24640;2259
–¢–æ–ø –°–∏–∫—Ä–µ—Ç;RIJ1XemLLVg;–ë–ò–õ–õ–ò –ú–ò–õ–õ–ò–ì–ê–ù –õ–ñ–ï–¶? [–¢–æ–ø –°–∏–∫—Ä–µ—Ç];2017-01-24T19:34:11Z;5878798;265024;4821;0;8776;1351
–¢–æ–ø –°–∏–∫—Ä–µ—Ç;-RNFkcaoL1k;–°–ò–ú–ü–°–û–ù–´ –ó–ù–ê–Æ–¢ –í–°–Å | –ü–†–ï–î–°–ö–ê–ó–ê–ù–ò–Ø [–¢–æ–ø –°–∏–∫—Ä–µ—Ç];2019-10-28T17:22:44Z;5674618;449714;5975;0;22701;1467
–¢–æ–ø –°–∏–∫—Ä–µ—Ç;Xt8tWhJE7fs;–ü–´–¢–ê–ï–ú–°–Ø –†–ê–ó–ì–õ–Ø–î–ï–¢–¨ –ú–û–ù–°–¢–†–ê. –†–µ–π–∫ [–¢–æ–ø –°–∏–∫—Ä–µ—Ç];2017-09-07T09:52:02Z;5571006;314649;2494;0;15372;1084
–¢–æ–ø –°–∏–∫—Ä–µ—Ç;NWEjfDCAJPw;–í –æ—Ç—Ä–∞–∂–µ–Ω–∏–∏ –º–æ–∂–Ω–æ —É–≤–∏–¥–µ—Ç—å –ù–ï –¢–û–õ–¨–ö–û —Å–µ–±—è [–¢–æ–ø –°–∏–∫—Ä–µ—Ç];2017-04-21T20:56:49Z;5398375;303072;2914;0;14636;720
–¢–æ–ø –°–∏–∫—Ä–µ—Ç;tt3Kc9ddR2A;–Ø –°–õ–´–®–£ –ì–û–õ–û–°–ê –í –ë–ï–õ–û–ú –®–£–ú–ï! [–¢–æ–ø –°–∏–∫—Ä–µ—Ç];2019-05-20T13:09:40Z;5247343;342676;3466;0;27574;2637
–¢–æ–ø –°–∏–∫—Ä–µ—Ç;tgeyTIUybNM;–î–†–ï–í–ù–ò–ï –¢–ï–•–ù–û–õ–û–ì–ò–ò [–¢–æ–ø –°–∏–∫—Ä–µ—Ç];2018-07-05T08:20:32Z;5172744;328733;6709;0;21540;1105
–¢–æ–ø –°–∏–∫—Ä–µ—Ç;iwytjK1wfbM;–ù–ò–ë–ò–†–£ –°–ù–û–í–ê –ü–†–ò–õ–ï–¢–ê–ï–¢!!! [–¢–æ–ø –°–∏–∫—Ä–µ—Ç];2017-12-08T13:44:28Z;5163928;244741;2311;0;13693;1257
–¢–æ–ø –°–∏–∫—Ä–µ—Ç;xINCA3RvqUE;–í–ê–®–ò–ù–ì–¢–û–ù–°–ö–ê–Ø –ö–ê–†–£–°–ï–õ–¨ / –°–∞–º—ã–π –Ω–µ–æ–±—ä—è—Å–Ω–∏–º—ã–π —Å–ª—É—á–∞–π –ù–õ–û [–¢–æ–ø –°–∏–∫—Ä–µ—Ç];2020-04-02T10:06:07Z;5145413;475305;4646;0;37832;2660
–¢–æ–ø –°–∏–∫—Ä–µ—Ç;53pcd8gF2yk;–í–ê–ù–ì–û–í–ê–õ–ê –õ–ò –í–ê–ù–ì–ê? [–¢–æ–ø –°–∏–∫—Ä–µ—Ç];2016-02-15T10:25:38Z;4986104;253285;2628;0;7238;571
–¢–æ–ø –°–∏–∫—Ä–µ—Ç;5U1wdxSidyA;–ò–°–ö–£–°–°–¢–í–û –¢–†–ï–ë–£–ï–¢ –ñ–ï–†–¢–í  [–¢–æ–ø –°–∏–∫—Ä–µ—Ç];2019-07-20T16:22:06Z;4734703;320957;2511;0;19501;1921
–¢–æ–ø –°–∏–∫—Ä–µ—Ç;VXRnpZb0EtE;–°–ê–õ–ï–ú. –í–ï–î–¨–ú–´ –°–£–©–ï–°–¢–í–£–Æ–¢?? [–¢–æ–ø –°–∏–∫—Ä–µ—Ç];2017-02-07T20:43:09Z;4690289;224223;1745;0;6532;812
–¢–æ–ø –°–∏–∫—Ä–µ—Ç;F2tLJMEyG7M;–ö–¢–û –î–ï–õ–ê–ï–¢ –ó–ù–ê–ö–ò –ù–ê –ü–û–õ–Ø–•? [–¢–û–ü –°–ò–ö–†–ï–¢];2016-05-24T17:21:06Z;4631073;236561;2726;0;6307;856
–¢–æ–ø –°–∏–∫—Ä–µ—Ç;mjKCFVkw7vY;–§–ê–ô–õ–´ –ü–ï–ù–¢–ê–ì–û–ù–ê | –ß—Ç–æ —Å–Ω—è–ª–∏ –ø–∏–ª–æ—Ç—ã? [–¢–æ–ø –°–∏–∫—Ä–µ—Ç];2020-06-09T10:45:39Z;4528353;380236;5305;0;24720;2785
–¢–æ–ø –°–∏–∫—Ä–µ—Ç;AyJ4UGuRT-g;–î–æ–º, –∫–æ—Ç–æ—Ä—ã–π –ø–æ—Å—Ç—Ä–æ–∏–ª–∏ –ü–†–ò–ó–†–ê–ö–ò [–¢–æ–ø –°–∏–∫—Ä–µ—Ç];2018-04-29T15:02:13Z;4326598;268665;2888;0;11147;1309
–¢–æ–ø –°–∏–∫—Ä–µ—Ç;CLFkoa56Mkc;–í–∞–π–æ–º–∏–Ω–≥—Å–∫–∏–π –ò–ù–¶–ò–î–ï–ù–¢ [–¢–æ–ø –°–∏–∫—Ä–µ—Ç];2017-06-07T17:05:53Z;4313792;241729;2214;0;15495;752
–¢–æ–ø –°–∏–∫—Ä–µ—Ç;fPxhZ6NLVMk;–†–µ–∞–ª—å–Ω–æ–µ –ü–£–¢–ï–®–ï–°–¢–í–ò–ï –í–û –í–†–ï–ú–ï–ù–ò [–¢–æ–ø –°–∏–∫—Ä–µ—Ç];2017-07-26T19:07:20Z;4232910;363469;2818;0;11021;941
–¢–æ–ø –°–∏–∫—Ä–µ—Ç;JFD-esNUPEw;–†–æ–∑—É—ç–ª–ª—å—Å–∫–∏–π –∏–Ω—Ü–∏–¥–µ–Ω—Ç –ó–ê–ì–û–í–û–†? –ò–Ω–æ–ø–ª–∞–Ω–µ—Ç—è–Ω–µ —Å—Ä–µ–¥–∏ –Ω–∞—Å –í–°–ö–†–´–¢–ò–ï –ü–†–ò–®–ï–õ–¨–¶–ê [–¢–æ–ø –°–∏–∫—Ä–µ—Ç]–Ω–∞ –£—Ç–æ–ø–∏—è –®–æ—É;2017-03-07T08:57:38Z;4093138;189329;2262;0;5632;905
–¢–æ–ø –°–∏–∫—Ä–µ—Ç;H6UFELb9_-Y;–ö–∞–∫ –ø–æ–ª—É—á–∏—Ç—å –ë–ï–°–°–ú–ï–†–¢–ù–û–ï –¢–ï–õ–û? [–¢–æ–ø –°–∏–∫—Ä–µ—Ç];2018-02-20T19:57:59Z;3947307;299547;2646;0;18986;1676
–¢–æ–ø –°–∏–∫—Ä–µ—Ç;_I3Vpd-Jpg0;–î–æ–±—Ä–æ –ø–æ–∂–∞–ª–æ–≤–∞—Ç—å –≤ –ö–û–®–ú–ê–† [–¢–æ–ø –°–∏–∫—Ä–µ—Ç];2020-01-25T15:01:56Z;3888512;392714;3037;0;48395;1113
–¢–æ–ø –°–∏–∫—Ä–µ—Ç;xG4whL1tw8I;–ü—Ä–∞–≤–¥–∞ –æ –í–ï–ù–î–ò–ì–û  [–¢–æ–ø –°–∏–∫—Ä–µ—Ç];2017-05-23T12:15:01Z;3866275;230735;1535;0;8715;931
–¢–æ–ø –°–∏–∫—Ä–µ—Ç;5FZPPpItnvU;–≠–§–§–ï–ö–¢ –ú–ê–ù–î–ï–õ–´. –†–ê–ó–û–ë–õ–ê–ß–ï–ù–ò–ï? [–¢–æ–ø –°–∏–∫—Ä–µ—Ç];2016-12-13T21:22:17Z;3849582;178051;4664;0;9093;893
–¢–æ–ø –°–∏–∫—Ä–µ—Ç;f3pMf5deQwU;–°–ê–ú–ê–Ø –ü–ê–†–ê–ù–û–†–ú–ê–õ–¨–ù–ê–Ø –ò–°–¢–û–†–ò–Ø [–¢–æ–ø –°–∏–∫—Ä–µ—Ç];2020-12-26T09:37:05Z;3816609;436710;3502;0;25392;2414
–¢–æ–ø –°–∏–∫—Ä–µ—Ç;_cIl2ADdcUo;–ö–∞–∫ –ø–æ–π–º–∞—Ç—å –ß–£–ü–ê–ö–ê–ë–†–£?  [–¢–æ–ø –°–∏–∫—Ä–µ—Ç];2016-05-04T23:57:08Z;3678455;243874;1336;0;6847;599
–¢–æ–ø –°–∏–∫—Ä–µ—Ç;2RyycskpzFk;–ü–†–ò–®–ï–õ–¨–¶–´ –ù–ê–° –ü–û–•–ò–©–ê–Æ–¢! [–¢–æ–ø –°–∏–∫—Ä–µ—Ç];2018-01-18T11:41:21Z;3674685;220932;2132;0;10777;921
–¢–æ–ø –°–∏–∫—Ä–µ—Ç;VYbi8uJrU8Q;–ò–Ω–æ–ø–ª–∞–Ω–µ—Ç–Ω—ã–π –°–ò–ì–ù–ê–õ WOW! [–¢–æ–ø –°–∏–∫—Ä–µ—Ç] (feat. –ê—Ä—Ç—É—Ä –®–∞—Ä–∏—Ñ–æ–≤);2017-07-02T19:10:17Z;3646734;191283;1563;0;8135;970
–¢–æ–ø –°–∏–∫—Ä–µ—Ç;cWtfqoW166Q;–¢–ê–ô–ù–ê –†–ï–ô–°–ê 914 [–¢–æ–ø –°–∏–∫—Ä–µ—Ç];2016-03-21T21:01:23Z;3580517;240797;1583;0;2893;423
–¢–æ–ø –°–∏–∫—Ä–µ—Ç;JEpTWs-Yvcw;–§–ò–õ–ê–î–ï–õ–¨–§–ò–ô–°–ö–ò–ô –≠–ö–°–ü–ï–†–ò–ú–ï–ù–¢ [–¢–æ–ø –°–∏–∫—Ä–µ—Ç];2016-07-20T09:00:09Z;3429063;174800;3505;0;4151;637
–¢–æ–ø –°–∏–∫—Ä–µ—Ç;5WQ-hIiNPRw;–¢–´ –ù–ï –î–û–õ–ñ–ï–ù –≠–¢–û –û–¢–ö–†–´–í–ê–¢–¨ [–¢–æ–ø –°–∏–∫—Ä–µ—Ç];2020-09-07T16:58:49Z;3391700;399186;3008;0;24069;1494
–¢–æ–ø –°–∏–∫—Ä–µ—Ç;2MjR7WW-e6E;–í –ï–≥–∏–ø—Ç–µ –±—ã–ª–∏ –ò–ù–û–ü–õ–ê–ù–ï–¢–Ø–ù–ï? –ò–ª–∏ –Ω–µ –±—ã–ª–∏? [–¢–æ–ø –°–∏–∫—Ä–µ—Ç];2017-04-04T15:32:09Z;3364511;212790;2216;0;6519;613
–¢–æ–ø –°–∏–∫—Ä–µ—Ç;tXnrcYjDwas;–ú–æ–∂–Ω–æ –ª–∏ –ø—Ä–æ–¥–∞—Ç—å –î–£–®–£ –î–¨–Ø–í–û–õ–£? [–¢–æ–ø –°–∏–∫—Ä–µ—Ç];2015-09-11T01:14:41Z;3360496;163501;2877;0;6722;364
–¢–æ–ø –°–∏–∫—Ä–µ—Ç;btv8a2fz3YE;–£–ñ–ê–° –ê–ú–ò–¢–ò–í–ò–õ–õ–Ø –ü–†–ê–í–î–ê? [–¢–û–ü –°–ò–ö–†–ï–¢];2016-08-20T13:34:39Z;3223275;172555;1078;0;3257;677
–¢–æ–ø –°–∏–∫—Ä–µ—Ç;Tkxw-wpv7Gg;–°–¢–û–£–ù–•–ï–ù–î–ñ - –§–ï–ô–ö? [–¢–û–ü –°–ò–ö–†–ï–¢];2016-11-26T09:04:07Z;3145631;165584;1272;0;2629;560
–¢–æ–ø –°–∏–∫—Ä–µ—Ç;g8y_cQmh2Nc;–°–æ–≤–ø–∞–¥–µ–Ω–∏—è [–¢–æ–ø –°–∏–∫—Ä–µ—Ç];2015-07-09T19:21:00Z;3104339;145889;1404;0;3754;481
–¢–æ–ø –°–∏–∫—Ä–µ—Ç;sRJCpgoKY1M;–ß–¢–û –¢–ê–ö–û–ï –ö–ê–†–ú–ê –ù–ê –°–ê–ú–û–ú –î–ï–õ–ï? [–¢–û–ü –°–ò–ö–†–ï–¢];2016-10-13T11:32:55Z;3068136;244146;2096;0;7954;591
–¢–æ–ø –°–∏–∫—Ä–µ—Ç;cOY2UFfbZGA;–ú–æ–∂–Ω–æ –ª–∏ —Ö–æ–¥–∏—Ç—å –≤ –õ–ï–° –°–ê–ú–û–£–ë–ò–ô–¶? [–¢–æ–ø –°–∏–∫—Ä–µ—Ç];2016-03-05T22:41:31Z;2850348;184768;1141;0;4434;576
–¢–æ–ø –°–∏–∫—Ä–µ—Ç;vehXMgQxvHE;–°–õ–ï–ù–î–ï–†–ú–ï–ù  –ñ–î–ï–¢ –í –õ–ï–°–£ [–¢–æ–ø –°–∏–∫—Ä–µ—Ç];2015-05-13T22:44:08Z;2840767;145421;1538;0;4233;382
–¢–æ–ø –°–∏–∫—Ä–µ—Ç;eqZGPTumrNc;–õ–û–•–ù–ï–°–°–ö–û–ï –ß–£–î–û–í–ò–©–ï –°–£–©–ï–°–¢–í–£–ï–¢? [–¢–æ–ø –°–∏–∫—Ä–µ—Ç];2015-05-24T23:04:01Z;2765284;131412;2268;0;3360;369
–¢–æ–ø –°–∏–∫—Ä–µ—Ç;sfRXHSy8ZiM;–°—É—â–µ—Å—Ç–≤—É–µ—Ç –ª–∏ –ú–ï–¢–†–û-2 ? [–¢–æ–ø –°–∏–∫—Ä–µ—Ç];2015-07-28T22:38:54Z;2699600;114093;1861;0;3430;470
–¢–æ–ø –°–∏–∫—Ä–µ—Ç;FmQFvepfTYg;–û–ë–û–†–û–¢–ù–ò [–¢–æ–ø –°–∏–∫—Ä–µ—Ç];2015-08-12T19:21:23Z;2560050;117464;1076;0;2493;446
–¢–æ–ø –°–∏–∫—Ä–µ—Ç;AMs4ryUPjaA;–ü–†–û–ö–õ–Ø–¢–ò–ï –§–ê–†–ê–û–ù–û–í [–¢–æ–ø –°–∏–∫—Ä–µ—Ç];2015-09-19T22:40:04Z;2432825;100821;1544;0;1628;334
–¢–æ–ø –°–∏–∫—Ä–µ—Ç;df46_Rnw6gM;–≠–∫—Å—Ç—Ä–∞—Å–µ–Ω—Å—ã [–¢–æ–ø –°–∏–∫—Ä–µ—Ç];2015-07-01T15:40:24Z;2402944;116067;938;0;2459;404
–¢–æ–ø –°–∏–∫—Ä–µ—Ç;sIHovPt-mvg;–ß–ï–†–¢–û–í–ê –î–Æ–ñ–ò–ù–ê\13 [–¢–æ–ø –°–∏–∫—Ä–µ—Ç];2015-08-24T11:26:04Z;2374382;118109;832;0;5707;377
–¢–æ–ø –°–∏–∫—Ä–µ—Ç;QABxZ42z4Ic;–î–ï–í–û–ß–ö–ê-–§–ê–ù–¢–û–ú [–¢–æ–ø –°–∏–∫—Ä–µ—Ç];2016-02-27T15:35:54Z;2365625;138306;1120;0;3139;431
–¢–æ–ø –°–∏–∫—Ä–µ—Ç;g-EiVm8PV10;–ü–£–¢–ï–®–ï–°–¢–í–ò–Ø –í–û –í–†–ï–ú–ï–ù–ò –í–û–ó–ú–û–ñ–ù–´? [–¢–æ–ø –°–∏–∫—Ä–µ—Ç];2015-10-17T01:33:44Z;2342972;119123;943;0;6805;459
–¢–æ–ø –°–∏–∫—Ä–µ—Ç;aj7x6wqll9s;–õ–Æ–î–ò –í –ß–ï–†–ù–û–ú [–¢–æ–ø –°–∏–∫—Ä–µ—Ç];2015-04-22T20:48:18Z;2301638;106045;2045;0;2546;407
–¢–æ–ø –°–∏–∫—Ä–µ—Ç;kNRtWxEaxDw;–ï—Å—Ç—å –ª–∏ –ü–†–ò–®–ï–õ–¨–¶–´ –≤ –ó–û–ù–ï 51? [–¢–æ–ø –°–∏–∫—Ä–µ—Ç];2015-04-14T11:19:30Z;2262113;105534;1103;0;2816;335
–¢–æ–ø –°–∏–∫—Ä–µ—Ç;YoFJpNxa-Jw;–¢–∞–π–Ω–∞ –°–ù–ï–ñ–ù–û–ì–û –ß–ï–õ–û–í–ï–ö–ê [–¢–æ–ø –°–∏–∫—Ä–µ—Ç];2015-04-14T11:19:08Z;2180168;107378;1086;0;3629;455
–¢–æ–ø –°–∏–∫—Ä–µ—Ç;oa00wDaQLNg;–ü–æ–ª—Ç–µ—Ä–≥–µ–π—Å—Ç [–¢–æ–ø –°–∏–∫—Ä–µ—Ç];2015-06-10T20:19:17Z;2138560;95739;1123;0;3160;358
–¢–æ–ø –°–∏–∫—Ä–µ—Ç;OrGXDDuFs5Q;–ß—Ç–æ —Ç–∞–∫–æ–µ –î–ï–ñ–ê–í–Æ? [–¢–æ–ø –°–∏–∫—Ä–µ—Ç];2015-05-05T12:10:38Z;2045402;108233;1056;0;4120;311
–¢–æ–ø –°–∏–∫—Ä–µ—Ç;ibjkP33cOME;–û—Ç–∫—É–¥–∞ –≤–∑—è–ª—Å—è –•–≠–õ–õ–û–£–ò–ù? [–¢–æ–ø –°–∏–∫—Ä–µ—Ç];2015-10-31T13:55:02Z;1827054;83159;770;0;3094;471
–¢–æ–ø –°–∏–∫—Ä–µ—Ç;G0yYTklHfsQ;–¢–û–ü –°–ò–ö–†–ï–¢ - –î–ï–î –ú–û–†–û–ó VS –°–ê–ù–¢–ê –ö–õ–ê–£–°;2015-12-26T06:22:45Z;1310968;74487;1401;0;2206;506
